username,name,url_main,url_user,exists,http_status,response_time_s
abilash,9GAG,https://www.9gag.com/,https://www.9gag.com/u/abilash,Claimed,200,1.9884329030001027
abilash,About.me,https://about.me/,https://about.me/abilash,Claimed,200,0.7042395159996886
abilash,Academia.edu,https://www.academia.edu/,https://independent.academia.edu/abilash,Claimed,200,1.2482491280006798
abilash,AniWorld,https://aniworld.to/,https://aniworld.to/user/profil/abilash,Claimed,200,1.1339265630003865
abilash,Anilist,https://anilist.co/,https://anilist.co/user/abilash/,Claimed,200,0.504614961999323
abilash,Apple Developer,https://developer.apple.com,https://developer.apple.com/forums/profile/abilash,Claimed,200,0.536084657000174
abilash,Apple Discussions,https://discussions.apple.com,https://discussions.apple.com/profile/abilash,Claimed,200,0.29983531600009883
abilash,Archive of Our Own,https://archiveofourown.org/,https://archiveofourown.org/users/abilash,Claimed,200,0.9451712689997294
abilash,Archive.org,https://archive.org,https://archive.org/details/@abilash,Claimed,200,4.755655836999722
abilash,AskFM,https://ask.fm/,https://ask.fm/abilash,Claimed,410,1.6343573829999514
abilash,Audiojungle,https://audiojungle.net/,https://audiojungle.net/user/abilash,Claimed,200,0.8241946009993626
abilash,Bandcamp,https://www.bandcamp.com/,https://www.bandcamp.com/abilash,Claimed,200,1.729172325000036
abilash,Behance,https://www.behance.net/,https://www.behance.net/abilash,Claimed,200,1.8215003640007126
abilash,BiggerPockets,https://www.biggerpockets.com/,https://www.biggerpockets.com/users/abilash,Claimed,200,2.088304447000155
abilash,BodyBuilding,https://bodyspace.bodybuilding.com/,https://bodyspace.bodybuilding.com/abilash,Claimed,200,2.9976634419999755
abilash,BuyMeACoffee,https://www.buymeacoffee.com/,https://buymeacoff.ee/abilash,Claimed,200,2.4381156949993965
abilash,CGTrader,https://www.cgtrader.com,https://www.cgtrader.com/abilash,Claimed,200,3.256963894999899
abilash,Chess,https://www.chess.com/,https://www.chess.com/member/abilash,Claimed,200,2.5264223219992346
abilash,Clubhouse,https://www.clubhouse.com,https://www.clubhouse.com/@abilash,Claimed,200,3.4650366959995154
abilash,Codecademy,https://www.codecademy.com/,https://www.codecademy.com/profiles/abilash,Claimed,200,4.569583020000209
abilash,Codechef,https://www.codechef.com/,https://www.codechef.com/users/abilash,Claimed,200,2.986843965999469
abilash,Codewars,https://www.codewars.com,https://www.codewars.com/users/abilash,Claimed,200,3.2585494909999397
abilash,Crowdin,https://crowdin.com/,https://crowdin.com/profile/abilash,Claimed,200,3.9094444390002536
abilash,Cults3D,https://cults3d.com/en,https://cults3d.com/en/users/abilash/creations,Claimed,200,4.009783091999452
abilash,DEV Community,https://dev.to/,https://dev.to/abilash,Claimed,200,3.4615320270004304
abilash,DailyMotion,https://www.dailymotion.com/,https://www.dailymotion.com/abilash,Claimed,200,3.775123682999947
abilash,Dealabs,https://www.dealabs.com/,https://www.dealabs.com/profile/abilash,Claimed,200,3.9768707270004597
abilash,DeviantART,https://deviantart.com,https://abilash.deviantart.com,Claimed,200,5.05687601199952
abilash,Discuss.Elastic.co,https://discuss.elastic.co/,https://discuss.elastic.co/u/abilash,Claimed,200,4.4446389380000255
abilash,Disqus,https://disqus.com/,https://disqus.com/abilash,Claimed,200,4.687881449000088
abilash,Docker Hub,https://hub.docker.com/,https://hub.docker.com/u/abilash/,Claimed,200,4.220816588999696
abilash,Dribbble,https://dribbble.com/,https://dribbble.com/abilash,Claimed,403,4.621618746999957
abilash,Duolingo,https://duolingo.com/,https://www.duolingo.com/profile/abilash,Claimed,200,5.252159367999411
abilash,EyeEm,https://www.eyeem.com/,https://www.eyeem.com/u/abilash,Claimed,200,5.456820924000567
abilash,Fiverr,https://www.fiverr.com/,https://www.fiverr.com/abilash,Claimed,403,4.517019937999976
abilash,Flickr,https://www.flickr.com/,https://www.flickr.com/people/abilash,Claimed,200,8.394644238999717
abilash,Flightradar24,https://www.flightradar24.com/,https://my.flightradar24.com/abilash,Claimed,200,4.998782098000447
abilash,Flipboard,https://flipboard.com/,https://flipboard.com/@abilash,Claimed,200,4.754096080999261
abilash,Freelancer,https://www.freelancer.com/,https://www.freelancer.com/u/abilash,Claimed,200,5.2359672630000205
abilash,Freesound,https://freesound.org/,https://freesound.org/people/abilash/,Claimed,200,5.403408851999302
abilash,GaiaOnline,https://www.gaiaonline.com/,https://www.gaiaonline.com/profiles/abilash,Claimed,200,6.7437191229992095
abilash,GeeksforGeeks,https://www.geeksforgeeks.org/,https://auth.geeksforgeeks.org/user/abilash,Claimed,200,5.6908327780001855
abilash,Giphy,https://giphy.com/,https://giphy.com/abilash,Claimed,200,6.80268440799955
abilash,GitHub,https://www.github.com/,https://www.github.com/abilash,Claimed,200,5.533909291999407
abilash,GitLab,https://gitlab.com/,https://gitlab.com/abilash,Claimed,200,5.556569856999886
abilash,GoodReads,https://www.goodreads.com/,https://www.goodreads.com/abilash,Claimed,200,7.783819066999968
abilash,Grailed,https://www.grailed.com/,https://www.grailed.com/abilash,Claimed,200,5.976533232999827
abilash,Gumroad,https://www.gumroad.com/,https://www.gumroad.com/abilash,Claimed,200,8.01138009100032
abilash,Gutefrage,https://www.gutefrage.net/,https://www.gutefrage.net/nutzer/abilash,Claimed,200,6.503759168000215
abilash,Hackaday,https://hackaday.io/,https://hackaday.io/abilash,Claimed,200,7.021784242000649
abilash,HackenProof (Hackers),https://hackenproof.com/,https://hackenproof.com/hackers/abilash,Claimed,200,6.29347293399951
abilash,HackerEarth,https://hackerearth.com/,https://hackerearth.com/@abilash,Claimed,471,5.965776152000217
abilash,HackerNews,https://news.ycombinator.com/,https://news.ycombinator.com/user?id=abilash,Claimed,200,6.709835079000186
abilash,HackerOne,https://hackerone.com/,https://hackerone.com/abilash,Claimed,200,6.244611879999866
abilash,HackerRank,https://hackerrank.com/,https://hackerrank.com/abilash,Claimed,200,8.462150857999404
abilash,Hashnode,https://hashnode.com,https://hashnode.com/@abilash,Claimed,200,6.058211300000039
abilash,Houzz,https://houzz.com/,https://houzz.com/user/abilash,Claimed,200,7.583045362000121
abilash,HudsonRock,https://hudsonrock.com,https://cavalier.hudsonrock.com/api/json/v2/osint-tools/search-by-username?username=abilash,Claimed,200,6.361707189000299
abilash,ICQ,https://icq.com/,https://icq.im/abilash/en,Claimed,200,11.070854773000065
abilash,IFTTT,https://www.ifttt.com/,https://www.ifttt.com/p/abilash,Claimed,200,6.856592985999669
abilash,Imgur,https://imgur.com/,https://imgur.com/user/abilash,Claimed,200,7.87696614000015
abilash,Instructables,https://www.instructables.com/,https://www.instructables.com/member/abilash,Claimed,200,7.77782032199957
abilash,Issuu,https://issuu.com/,https://issuu.com/abilash,Claimed,200,7.673288226000295
abilash,Keybase,https://keybase.io/,https://keybase.io/abilash,Claimed,200,8.13236776100075
abilash,Letterboxd,https://letterboxd.com/,https://letterboxd.com/abilash,Claimed,200,9.00230608899983
abilash,LibraryThing,https://www.librarything.com/,https://www.librarything.com/profile/abilash,Claimed,200,8.471927220999532
abilash,Linktree,https://linktr.ee/,https://linktr.ee/abilash,Claimed,200,8.208645759999854
abilash,LottieFiles,https://lottiefiles.com/,https://lottiefiles.com/abilash,Claimed,200,10.4912152349998
abilash,Medium,https://medium.com/,https://medium.com/@abilash,Claimed,200,8.548808493999786
abilash,Memrise,https://www.memrise.com/,https://www.memrise.com/user/abilash/,Claimed,200,10.026552039999842
abilash,MixCloud,https://www.mixcloud.com/,https://www.mixcloud.com/abilash/,Claimed,200,8.99447666299966
abilash,Monkeytype,https://monkeytype.com/,https://monkeytype.com/profile/abilash,Claimed,200,8.83448812000006
abilash,MyAnimeList,https://myanimelist.net/,https://myanimelist.net/profile/abilash,Claimed,200,9.618718051000542
abilash,Mydramalist,https://mydramalist.com,https://www.mydramalist.com/profile/abilash,Claimed,200,10.06511419599974
abilash,Myspace,https://myspace.com/,https://myspace.com/abilash,Claimed,200,9.89291939299983
abilash,Naver,https://naver.com,https://blog.naver.com/abilash,Claimed,200,10.207780632999857
abilash,Needrom,https://www.needrom.com/,https://www.needrom.com/author/abilash/,Claimed,200,9.688184732000082
abilash,PCGamer,https://pcgamer.com,https://forums.pcgamer.com/members/?username=abilash,Claimed,403,11.32350350500019
abilash,Pastebin,https://pastebin.com/,https://pastebin.com/u/abilash,Claimed,200,10.705287542000406
abilash,Periscope,https://www.periscope.tv/,https://www.periscope.tv/abilash/,Claimed,200,11.826395377999688
abilash,Pokemon Showdown,https://pokemonshowdown.com,https://pokemonshowdown.com/users/abilash,Claimed,200,10.679441592999865
abilash,ProductHunt,https://www.producthunt.com/,https://www.producthunt.com/@abilash,Claimed,200,11.068647048999992
abilash,PyPi,https://pypi.org,https://pypi.org/user/abilash,Claimed,200,11.01114254300046
abilash,Reddit,https://www.reddit.com/,https://www.reddit.com/user/abilash,Claimed,403,11.160597475000031
abilash,Replit.com,https://replit.com/,https://replit.com/@abilash,Claimed,200,11.60523390399976
abilash,ReverbNation,https://www.reverbnation.com/,https://www.reverbnation.com/abilash,Claimed,200,12.182137874999171
abilash,Roblox,https://www.roblox.com/,https://www.roblox.com/user.aspx?username=abilash,Claimed,200,12.373533146999762
abilash,Rumble,https://rumble.com/,https://rumble.com/user/abilash,Claimed,200,13.170505164999668
abilash,Scratch,https://scratch.mit.edu/,https://scratch.mit.edu/users/abilash,Claimed,200,12.855819925000105
abilash,Scribd,https://www.scribd.com/,https://www.scribd.com/abilash,Claimed,200,12.47758771000008
abilash,Sketchfab,https://sketchfab.com/,https://sketchfab.com/abilash,Claimed,200,12.17842563999966
abilash,Slack,https://slack.com,https://abilash.slack.com,Claimed,200,11.987818755000262
abilash,Slashdot,https://slashdot.org,https://slashdot.org/~abilash,Claimed,200,13.239584904999901
abilash,SlideShare,https://slideshare.net/,https://slideshare.net/abilash,Claimed,200,12.871250078999765
abilash,Slides,https://slides.com/,https://slides.com/abilash,Claimed,200,12.842709831999855
abilash,Smule,https://www.smule.com/,https://www.smule.com/abilash,Claimed,418,13.903979454000364
abilash,SoundCloud,https://soundcloud.com/,https://soundcloud.com/abilash,Claimed,200,12.734538998000062
abilash,Spotify,https://open.spotify.com/,https://open.spotify.com/user/abilash,Claimed,200,13.463068674999704
abilash,Steam Community (User),https://steamcommunity.com/,https://steamcommunity.com/id/abilash/,Claimed,200,13.452288812000006
abilash,Strava,https://www.strava.com/,https://www.strava.com/athletes/abilash,Claimed,200,18.24178688200027
abilash,Telegram,https://t.me/,https://t.me/abilash,Claimed,200,14.08963311900061
abilash,Tenor,https://tenor.com/,https://tenor.com/users/abilash,Claimed,200,14.099574278999171
abilash,ThemeForest,https://themeforest.net/,https://themeforest.net/user/abilash,Claimed,200,14.116478761000508
abilash,TradingView,https://www.tradingview.com/,https://www.tradingview.com/u/abilash/,Claimed,200,14.16350340200006
abilash,Trello,https://trello.com/,https://trello.com/abilash,Claimed,200,14.221241814999303
abilash,Typeracer,https://typeracer.com,https://data.typeracer.com/pit/profile?user=abilash,Claimed,200,15.603485952999108
abilash,Ultimate-Guitar,https://ultimate-guitar.com/,https://ultimate-guitar.com/u/abilash,Claimed,200,14.667485307000788
abilash,Unsplash,https://unsplash.com/,https://unsplash.com/@abilash,Claimed,200,14.509822625000197
abilash,Untappd,https://untappd.com/,https://untappd.com/user/abilash,Claimed,200,15.376777534999746
abilash,VK,https://vk.com/,https://vk.com/abilash,Claimed,200,16.302513939000164
abilash,VSCO,https://vsco.co/,https://vsco.co/abilash,Claimed,200,16.312698963999537
abilash,Venmo,https://venmo.com/,https://account.venmo.com/u/abilash,Claimed,200,15.939508503999605
abilash,Vero,https://vero.co/,https://vero.co/abilash,Claimed,200,14.791234508999878
abilash,VirusTotal,https://www.virustotal.com/,https://www.virustotal.com/gui/user/abilash,Claimed,200,15.5746312579995
abilash,Wattpad,https://www.wattpad.com/,https://www.wattpad.com/user/abilash,Claimed,200,15.28718353900058
abilash,Wikidot,http://www.wikidot.com/,http://www.wikidot.com/user:info/abilash,Claimed,200,15.46830932100056
abilash,Wikipedia,https://www.wikipedia.org/,https://en.wikipedia.org/wiki/Special:CentralAuth/abilash?uselang=qqx,Claimed,200,16.116615826999805
abilash,WordPress,https://wordpress.com,https://abilash.wordpress.com/,Claimed,200,15.408457522999925
abilash,WordPressOrg,https://wordpress.org/,https://profiles.wordpress.org/abilash/,Claimed,200,16.56416305000039
abilash,Wordnik,https://www.wordnik.com/,https://www.wordnik.com/users/abilash,Claimed,200,16.650551662999533
abilash,YouNow,https://www.younow.com/,https://www.younow.com/abilash/,Claimed,200,16.301402801000222
abilash,couchsurfing,https://www.couchsurfing.com/,https://www.couchsurfing.com/people/abilash,Claimed,200,38.0115934129999
abilash,freecodecamp,https://www.freecodecamp.org/,https://www.freecodecamp.org/abilash,Claimed,200,17.652947278999818
abilash,geocaching,https://www.geocaching.com/,https://www.geocaching.com/p/default.aspx?u=abilash,Claimed,200,18.335310309000306
abilash,habr,https://habr.com/,https://habr.com/ru/users/abilash,Claimed,200,18.320498835999388
abilash,hackster,https://www.hackster.io,https://www.hackster.io/abilash,Claimed,200,18.113784946000123
abilash,interpals,https://www.interpals.net/,https://www.interpals.net/abilash,Claimed,200,18.25994004199947
abilash,kwork,https://www.kwork.ru/,https://kwork.ru/user/abilash,Claimed,200,19.036276789000112
abilash,last.fm,https://last.fm/,https://last.fm/user/abilash,Claimed,200,19.289478410999436
abilash,mastodon.cloud,https://mastodon.cloud/,https://mastodon.cloud/@abilash,Claimed,200,18.49873433399989
abilash,mastodon.social,https://chaos.social/,https://mastodon.social/@abilash,Claimed,200,18.81022282000049
abilash,mercadolivre,https://www.mercadolivre.com.br,https://www.mercadolivre.com.br/perfil/abilash,Claimed,200,21.437312964999364
abilash,minds,https://www.minds.com,https://www.minds.com/abilash/,Claimed,200,18.78098734499963
abilash,npm,https://www.npmjs.com/,https://www.npmjs.com/~abilash,Claimed,200,18.821658152000055
abilash,osu!,https://osu.ppy.sh/,https://osu.ppy.sh/users/abilash,Claimed,200,19.500294451999252
